START_ID;END_ID;:TYPE
9;5;post_relation
10;7;post_relation
21;19;post_relation
23;7;post_relation
24;22;post_relation
25;19;post_relation
26;20;post_relation
27;20;post_relation
28;7;post_relation
29;14;post_relation
30;19;post_relation
33;20;post_relation
37;19;post_relation
40;20;post_relation
42;38;post_relation
43;38;post_relation
44;41;post_relation
45;35;post_relation
46;16;post_relation
47;41;post_relation
51;50;post_relation
53;50;post_relation
57;52;post_relation
58;16;post_relation
60;59;post_relation
62;61;post_relation
64;61;post_relation
70;69;post_relation
72;31;post_relation
73;71;post_relation
74;71;post_relation
78;75;post_relation
82;81;post_relation
83;20;post_relation
84;71;post_relation
85;75;post_relation
87;77;post_relation
90;81;post_relation
91;89;post_relation
92;89;post_relation
93;86;post_relation
95;94;post_relation
96;94;post_relation
97;94;post_relation
101;86;post_relation
106;14;post_relation
111;102;post_relation
112;107;post_relation
120;115;post_relation
121;116;post_relation
122;113;post_relation
126;125;post_relation
131;115;post_relation
132;130;post_relation
133;103;post_relation
135;41;post_relation
139;76;post_relation
140;107;post_relation
153;81;post_relation
154;125;post_relation
156;155;post_relation
157;41;post_relation
158;155;post_relation
160;159;post_relation
161;138;post_relation
162;155;post_relation
163;138;post_relation
164;14;post_relation
165;143;post_relation
166;129;post_relation
170;169;post_relation
171;35;post_relation
173;35;post_relation
174;116;post_relation
179;176;post_relation
182;175;post_relation
183;176;post_relation
185;184;post_relation
187;186;post_relation
188;134;post_relation
190;176;post_relation
193;192;post_relation
194;191;post_relation
195;192;post_relation
197;196;post_relation
198;192;post_relation
200;134;post_relation
201;155;post_relation
202;199;post_relation
203;189;post_relation
204;116;post_relation
206;205;post_relation
207;205;post_relation
208;205;post_relation
210;199;post_relation
212;209;post_relation
213;211;post_relation
214;155;post_relation
216;215;post_relation
217;211;post_relation
219;218;post_relation
220;218;post_relation
221;196;post_relation
222;155;post_relation
226;155;post_relation
229;227;post_relation
230;223;post_relation
232;231;post_relation
233;130;post_relation
236;234;post_relation
237;235;post_relation
238;234;post_relation
241;234;post_relation
242;227;post_relation
243;184;post_relation
244;138;post_relation
245;234;post_relation
246;134;post_relation
247;235;post_relation
248;234;post_relation
249;228;post_relation
250;184;post_relation
251;138;post_relation
254;169;post_relation
255;253;post_relation
256;253;post_relation
257;253;post_relation
258;252;post_relation
259;155;post_relation
260;191;post_relation
261;196;post_relation
263;172;post_relation
264;22;post_relation
268;266;post_relation
269;265;post_relation
270;265;post_relation
271;265;post_relation
272;266;post_relation
273;253;post_relation
274;262;post_relation
275;155;post_relation
276;155;post_relation
277;266;post_relation
278;266;post_relation
279;155;post_relation
282;265;post_relation
284;280;post_relation
285;265;post_relation
286;253;post_relation
287;231;post_relation
288;280;post_relation
290;266;post_relation
291;289;post_relation
292;289;post_relation
293;262;post_relation
294;253;post_relation
295;289;post_relation
296;128;post_relation
297;130;post_relation
298;289;post_relation
300;103;post_relation
301;52;post_relation
302;280;post_relation
303;224;post_relation
306;305;post_relation
308;307;post_relation
309;305;post_relation
311;310;post_relation
312;215;post_relation
314;313;post_relation
316;59;post_relation
317;266;post_relation
318;266;post_relation
320;319;post_relation
325;324;post_relation
327;326;post_relation
328;326;post_relation
330;235;post_relation
331;326;post_relation
332;323;post_relation
335;334;post_relation
336;326;post_relation
337;326;post_relation
338;334;post_relation
339;326;post_relation
340;235;post_relation
341;253;post_relation
343;319;post_relation
345;313;post_relation
346;266;post_relation
347;266;post_relation
348;334;post_relation
349;334;post_relation
351;334;post_relation
355;354;post_relation
357;334;post_relation
358;356;post_relation
359;350;post_relation
360;61;post_relation
362;356;post_relation
363;361;post_relation
364;350;post_relation
365;334;post_relation
366;361;post_relation
368;235;post_relation
372;370;post_relation
373;370;post_relation
374;371;post_relation
377;375;post_relation
379;307;post_relation
380;354;post_relation
381;361;post_relation
386;384;post_relation
388;387;post_relation
389;382;post_relation
390;384;post_relation
391;382;post_relation
393;384;post_relation
394;375;post_relation
395;384;post_relation
396;103;post_relation
397;382;post_relation
399;398;post_relation
400;398;post_relation
401;382;post_relation
402;223;post_relation
404;223;post_relation
405;398;post_relation
407;313;post_relation
408;406;post_relation
409;406;post_relation
413;130;post_relation
414;410;post_relation
415;411;post_relation
416;412;post_relation
417;387;post_relation
419;411;post_relation
420;418;post_relation
425;422;post_relation
426;421;post_relation
428;59;post_relation
429;422;post_relation
431;422;post_relation
432;421;post_relation
433;430;post_relation
434;427;post_relation
436;427;post_relation
439;412;post_relation
440;424;post_relation
442;418;post_relation
443;412;post_relation
444;437;post_relation
445;370;post_relation
446;412;post_relation
448;441;post_relation
449;441;post_relation
450;412;post_relation
452;406;post_relation
456;451;post_relation
457;451;post_relation
459;458;post_relation
460;454;post_relation
462;454;post_relation
463;461;post_relation
464;455;post_relation
465;369;post_relation
469;468;post_relation
470;466;post_relation
471;455;post_relation
475;473;post_relation
478;477;post_relation
480;468;post_relation
481;474;post_relation
482;473;post_relation
483;406;post_relation
484;473;post_relation
485;14;post_relation
487;422;post_relation
489;488;post_relation
491;461;post_relation
493;406;post_relation
495;494;post_relation
496;494;post_relation
498;424;post_relation
499;128;post_relation
500;488;post_relation
501;411;post_relation
502;488;post_relation
503;497;post_relation
506;497;post_relation
507;497;post_relation
508;504;post_relation
509;130;post_relation
510;422;post_relation
512;412;post_relation
513;511;post_relation
514;313;post_relation
515;313;post_relation
517;516;post_relation
519;466;post_relation
520;466;post_relation
521;516;post_relation
522;516;post_relation
523;466;post_relation
525;430;post_relation
526;430;post_relation
529;430;post_relation
532;530;post_relation
533;531;post_relation
534;527;post_relation
535;527;post_relation
539;538;post_relation
541;536;post_relation
543;540;post_relation
544;538;post_relation
545;540;post_relation
546;536;post_relation
549;548;post_relation
550;548;post_relation
552;548;post_relation
555;536;post_relation
556;554;post_relation
560;559;post_relation
561;559;post_relation
562;530;post_relation
563;559;post_relation
567;564;post_relation
568;447;post_relation
569;559;post_relation
570;564;post_relation
572;571;post_relation
573;559;post_relation
574;116;post_relation
575;376;post_relation
576;196;post_relation
577;376;post_relation
580;265;post_relation
581;22;post_relation
582;116;post_relation
583;518;post_relation
584;458;post_relation
585;103;post_relation
588;587;post_relation
591;468;post_relation
592;554;post_relation
593;536;post_relation
597;594;post_relation
598;595;post_relation
599;596;post_relation
602;594;post_relation
603;600;post_relation
604;594;post_relation
606;554;post_relation
609;410;post_relation
611;595;post_relation
612;608;post_relation
614;608;post_relation
615;468;post_relation
617;616;post_relation
618;595;post_relation
619;613;post_relation
620;454;post_relation
621;455;post_relation
622;616;post_relation
624;607;post_relation
625;596;post_relation
626;623;post_relation
627;61;post_relation
628;361;post_relation
629;607;post_relation
630;600;post_relation
635;634;post_relation
637;634;post_relation
642;640;post_relation
643;511;post_relation
645;623;post_relation
648;605;post_relation
649;644;post_relation
650;644;post_relation
651;623;post_relation
652;361;post_relation
654;653;post_relation
656;636;post_relation
659;600;post_relation
663;662;post_relation
665;657;post_relation
666;587;post_relation
667;662;post_relation
668;265;post_relation
669;655;post_relation
672;670;post_relation
675;662;post_relation
676;565;post_relation
680;678;post_relation
682;265;post_relation
684;677;post_relation
686;678;post_relation
687;683;post_relation
688;600;post_relation
689;678;post_relation
690;683;post_relation
691;678;post_relation
692;679;post_relation
693;662;post_relation
695;694;post_relation
698;265;post_relation
699;679;post_relation
702;701;post_relation
703;694;post_relation
705;685;post_relation
707;655;post_relation
708;704;post_relation
709;697;post_relation
712;711;post_relation
714;697;post_relation
715;713;post_relation
718;716;post_relation
719;653;post_relation
720;710;post_relation
721;658;post_relation
722;52;post_relation
723;717;post_relation
724;704;post_relation
725;634;post_relation
727;671;post_relation
728;536;post_relation
729;671;post_relation
732;731;post_relation
733;704;post_relation
734;726;post_relation
735;704;post_relation
737;736;post_relation
740;736;post_relation
741;739;post_relation
742;739;post_relation
743;739;post_relation
746;745;post_relation
747;52;post_relation
751;744;post_relation
752;749;post_relation
753;224;post_relation
754;730;post_relation
755;750;post_relation
756;749;post_relation
757;745;post_relation
759;758;post_relation
763;760;post_relation
764;761;post_relation
765;565;post_relation
766;762;post_relation
767;758;post_relation
768;758;post_relation
769;750;post_relation
770;736;post_relation
771;694;post_relation
773;744;post_relation
774;376;post_relation
775;758;post_relation
776;41;post_relation
779;778;post_relation
780;41;post_relation
781;778;post_relation
782;777;post_relation
785;783;post_relation
788;787;post_relation
789;786;post_relation
790;778;post_relation
792;778;post_relation
794;694;post_relation
795;791;post_relation
796;778;post_relation
797;793;post_relation
798;791;post_relation
799;783;post_relation
800;793;post_relation
801;791;post_relation
803;802;post_relation
805;804;post_relation
807;806;post_relation
809;808;post_relation
811;810;post_relation
813;812;post_relation
814;812;post_relation
816;808;post_relation
817;808;post_relation
818;812;post_relation
819;815;post_relation
821;784;post_relation
822;820;post_relation
824;791;post_relation
826;825;post_relation
827;825;post_relation
828;812;post_relation
830;829;post_relation
833;832;post_relation
835;793;post_relation
836;834;post_relation
837;783;post_relation
839;838;post_relation
841;834;post_relation
843;842;post_relation
845;844;post_relation
846;842;post_relation
847;842;post_relation
848;761;post_relation
849;832;post_relation
850;748;post_relation
854;554;post_relation
855;554;post_relation
858;853;post_relation
860;554;post_relation
861;859;post_relation
862;52;post_relation
863;859;post_relation
864;859;post_relation
868;859;post_relation
870;869;post_relation
871;869;post_relation
873;872;post_relation
874;423;post_relation
875;865;post_relation
876;866;post_relation
878;877;post_relation
879;877;post_relation
880;810;post_relation
881;866;post_relation
882;877;post_relation
884;787;post_relation
886;883;post_relation
888;887;post_relation
889;887;post_relation
890;423;post_relation
891;744;post_relation
897;895;post_relation
898;893;post_relation
899;895;post_relation
900;700;post_relation
901;895;post_relation
905;904;post_relation
906;812;post_relation
907;904;post_relation
908;902;post_relation
909;903;post_relation
910;586;post_relation
911;903;post_relation
912;744;post_relation
913;902;post_relation
916;915;post_relation
918;917;post_relation
923;919;post_relation
924;921;post_relation
925;922;post_relation
926;917;post_relation
928;919;post_relation
929;927;post_relation
930;927;post_relation
931;902;post_relation
932;896;post_relation
933;920;post_relation
935;934;post_relation
938;934;post_relation
939;919;post_relation
941;936;post_relation
942;915;post_relation
944;934;post_relation
947;945;post_relation
950;946;post_relation
951;948;post_relation
956;904;post_relation
958;940;post_relation
959;866;post_relation
960;919;post_relation
964;962;post_relation
966;962;post_relation
967;963;post_relation
969;968;post_relation
975;974;post_relation
976;915;post_relation
978;962;post_relation
980;979;post_relation
981;802;post_relation
982;802;post_relation
986;946;post_relation
988;955;post_relation
990;989;post_relation
991;987;post_relation
993;992;post_relation
994;992;post_relation
995;992;post_relation
996;989;post_relation
998;937;post_relation
999;992;post_relation
1000;997;post_relation
1001;997;post_relation
1005;997;post_relation
1006;1002;post_relation
1008;1007;post_relation
1009;997;post_relation
1010;1007;post_relation
1019;810;post_relation
1022;1020;post_relation
1023;1021;post_relation
1026;810;post_relation
1027;1025;post_relation
1030;1024;post_relation
1031;1029;post_relation
1032;1028;post_relation
1033;1029;post_relation
1035;1021;post_relation
1037;1013;post_relation
1039;1034;post_relation
1041;1024;post_relation
1046;492;post_relation
1047;1002;post_relation
1048;1044;post_relation
1051;1003;post_relation
1054;1036;post_relation
1055;1044;post_relation
1056;985;post_relation
1057;1042;post_relation
1060;1053;post_relation
1062;985;post_relation
1063;1053;post_relation
1064;89;post_relation
1065;730;post_relation
1066;1058;post_relation
1067;1059;post_relation
1068;1053;post_relation
1072;1070;post_relation
1076;1073;post_relation
1077;1075;post_relation
1081;1071;post_relation
1082;1078;post_relation
1084;1078;post_relation
1085;1075;post_relation
1087;1086;post_relation
1088;1078;post_relation
1089;1086;post_relation
1096;1091;post_relation
1097;1092;post_relation
1098;1091;post_relation
1099;1095;post_relation
1101;1095;post_relation
1103;1102;post_relation
1109;1107;post_relation
1112;1107;post_relation
1114;1107;post_relation
1118;1110;post_relation
1120;1108;post_relation
1121;1108;post_relation
1122;1119;post_relation
1126;1123;post_relation
1127;310;post_relation
1129;403;post_relation
1131;1128;post_relation
1133;1132;post_relation
1136;1135;post_relation
1138;1124;post_relation
1139;1125;post_relation
1140;1106;post_relation
1142;1141;post_relation
1144;1143;post_relation
1145;1143;post_relation
1146;1113;post_relation
1148;1137;post_relation
1150;1105;post_relation
1152;1149;post_relation
1153;1106;post_relation
1160;1113;post_relation
1161;1151;post_relation
1162;823;post_relation
1163;1159;post_relation
1164;1159;post_relation
1167;946;post_relation
1168;1166;post_relation
1169;1159;post_relation
1171;1166;post_relation
1175;1147;post_relation
1176;1159;post_relation
1178;1042;post_relation
1179;1177;post_relation
1180;1177;post_relation
1182;1173;post_relation
1184;1159;post_relation
1188;1174;post_relation
1193;1186;post_relation
1194;1191;post_relation
1198;155;post_relation
1199;1196;post_relation
1200;1190;post_relation
1202;1197;post_relation
1203;1197;post_relation
1206;1195;post_relation
1207;1197;post_relation
1209;1151;post_relation
1210;1059;post_relation
1211;1174;post_relation
1212;1205;post_relation
1215;1204;post_relation
1220;1216;post_relation
1221;1204;post_relation
1222;1216;post_relation
1224;1223;post_relation
1226;1204;post_relation
1228;1225;post_relation
1230;1229;post_relation
1231;1229;post_relation
1232;369;post_relation
1233;1073;post_relation
1234;1205;post_relation
1235;1225;post_relation
1242;1241;post_relation
1247;155;post_relation
1248;536;post_relation
1249;1236;post_relation
1250;1214;post_relation
1255;1244;post_relation
2256;1241;post_relation
2259;2255;post_relation
2260;2255;post_relation
2261;2258;post_relation
2262;1214;post_relation
2264;2255;post_relation
2265;1246;post_relation
2266;1243;post_relation
2267;1243;post_relation
2270;2269;post_relation
2271;2268;post_relation
2272;2269;post_relation
2274;2273;post_relation
2276;2263;post_relation
2277;2273;post_relation
2279;2278;post_relation
2280;536;post_relation
2281;2258;post_relation
2286;2284;post_relation
2288;2287;post_relation
2290;2285;post_relation
2294;253;post_relation
2296;2293;post_relation
2299;326;post_relation
2305;2303;post_relation
2307;2302;post_relation
2311;1253;post_relation
2315;1028;post_relation
2317;2303;post_relation
2318;2303;post_relation
2320;19;post_relation
2324;2323;post_relation
2325;2314;post_relation
2326;2322;post_relation
2327;2303;post_relation
2329;2328;post_relation
2332;2308;post_relation
2335;2334;post_relation
2338;326;post_relation
2339;2337;post_relation
2340;2304;post_relation
2341;1155;post_relation
2342;2322;post_relation
2345;2343;post_relation
2347;2346;post_relation
2350;2349;post_relation
2351;2298;post_relation
2354;172;post_relation
2356;2287;post_relation
2357;2348;post_relation
2358;2348;post_relation
2360;1240;post_relation
2361;2359;post_relation
2363;2298;post_relation
2364;985;post_relation
2365;2362;post_relation
2366;2353;post_relation
2367;492;post_relation
2369;2368;post_relation
2370;2368;post_relation
2371;2355;post_relation
2372;2298;post_relation
2374;2313;post_relation
2375;2373;post_relation
2376;2373;post_relation
2377;1135;post_relation
2379;2378;post_relation
2380;2378;post_relation
2383;2343;post_relation
2385;2343;post_relation
2386;2384;post_relation
2387;2343;post_relation
2393;2384;post_relation
2397;2394;post_relation
2399;1091;post_relation
2401;2398;post_relation
2405;2269;post_relation
2406;2403;post_relation
2407;1091;post_relation
2410;2395;post_relation
2411;2403;post_relation
2413;2391;post_relation
2414;2412;post_relation
2417;2416;post_relation
2418;2303;post_relation
2419;2416;post_relation
2420;1216;post_relation
2421;1216;post_relation
2423;2422;post_relation
2424;2303;post_relation
2425;2416;post_relation
2428;2427;post_relation
2429;2426;post_relation
2431;1216;post_relation
2434;2432;post_relation
2435;974;post_relation
2438;2269;post_relation
2441;2384;post_relation
2442;2436;post_relation
2443;1216;post_relation
2449;2445;post_relation
2450;2436;post_relation
2452;2447;post_relation
2453;2303;post_relation
2455;2268;post_relation
2456;566;post_relation
2457;1079;post_relation
2458;2303;post_relation
2459;2303;post_relation
2462;2439;post_relation
2468;2263;post_relation
2471;1154;post_relation
2472;1189;post_relation
2475;977;post_relation
2476;2469;post_relation
2477;2451;post_relation
2478;1075;post_relation
2479;2473;post_relation
2482;2480;post_relation
2483;2474;post_relation
2488;2487;post_relation
2490;2463;post_relation
2492;2489;post_relation
2496;2486;post_relation
2505;2486;post_relation
2506;2463;post_relation
2509;2507;post_relation
2511;2495;post_relation
2512;2510;post_relation
2514;2502;post_relation
2515;1246;post_relation
2517;2486;post_relation
2518;2500;post_relation
2519;2508;post_relation
2520;2510;post_relation
2522;2510;post_relation
2524;2521;post_relation
2526;2521;post_relation
2528;2527;post_relation
2529;1227;post_relation
2530;2500;post_relation
2535;2534;post_relation
2536;2516;post_relation
2540;1166;post_relation
2544;2543;post_relation
2545;2543;post_relation
2546;2507;post_relation
2549;2543;post_relation
2551;2474;post_relation
2552;2541;post_relation
2553;2547;post_relation
2555;641;post_relation
2557;2547;post_relation
2559;2543;post_relation
2561;2527;post_relation
2562;2527;post_relation
2565;806;post_relation
2566;2538;post_relation
2569;2567;post_relation
2570;2567;post_relation
2571;2499;post_relation
2572;2499;post_relation
2573;2568;post_relation
2574;660;post_relation
2577;2567;post_relation
2580;2578;post_relation
2583;2568;post_relation
2584;2581;post_relation
2585;2582;post_relation
2588;2313;post_relation
2589;2525;post_relation
2594;2579;post_relation
2595;2582;post_relation
2597;2596;post_relation
2599;2598;post_relation
2602;2598;post_relation
2604;155;post_relation
2605;2587;post_relation
2606;2586;post_relation
2607;2596;post_relation
2610;2609;post_relation
2611;2609;post_relation
2613;1007;post_relation
2614;2612;post_relation
2615;2608;post_relation
2616;2609;post_relation
2617;867;post_relation
2619;2494;post_relation
2620;954;post_relation
2621;2601;post_relation
2622;2593;post_relation
2624;2618;post_relation
2625;2593;post_relation
2626;2432;post_relation
2630;2629;post_relation
2635;2593;post_relation
2636;2631;post_relation
2637;2633;post_relation
2639;2634;post_relation
2640;2631;post_relation
2641;2568;post_relation
2648;2646;post_relation
2649;2645;post_relation
2650;2642;post_relation
2653;2651;post_relation
2655;2651;post_relation
2656;2491;post_relation
2660;2658;post_relation
2661;2659;post_relation
2662;2659;post_relation
2663;2631;post_relation
2664;2654;post_relation
2669;2427;post_relation
2671;2659;post_relation
2675;2658;post_relation
2676;2673;post_relation
2678;2677;post_relation
2679;2670;post_relation
3685;2670;post_relation
3689;2668;post_relation
3691;3688;post_relation
3692;2631;post_relation
3694;3693;post_relation
3696;2668;post_relation
3697;19;post_relation
3698;2631;post_relation
3701;3693;post_relation
3703;3690;post_relation
3706;3705;post_relation
3707;421;post_relation
3708;421;post_relation
3713;3702;post_relation
3715;1190;post_relation
3716;1243;post_relation
3717;3711;post_relation
3720;3718;post_relation
3722;3721;post_relation
3723;3718;post_relation
3724;2668;post_relation
3725;3700;post_relation
3726;2673;post_relation
3729;3728;post_relation
3731;3730;post_relation
3732;3730;post_relation
3735;3734;post_relation
3736;3733;post_relation
3737;2510;post_relation
3739;3738;post_relation
3746;3743;post_relation
3747;3740;post_relation
3748;2651;post_relation
3749;3742;post_relation
3752;3745;post_relation
3753;3742;post_relation
3757;116;post_relation
3758;3741;post_relation
3761;3760;post_relation
3762;3760;post_relation
3764;3738;post_relation
3767;3766;post_relation
3773;3772;post_relation
3774;3772;post_relation
3775;2507;post_relation
3776;3759;post_relation
3777;3759;post_relation
3785;3740;post_relation
3787;3784;post_relation
3791;3788;post_relation
3793;3788;post_relation
3796;3792;post_relation
3798;2346;post_relation
3799;1174;post_relation
3800;3770;post_relation
3801;3770;post_relation
3802;3770;post_relation
3805;3770;post_relation
3806;2346;post_relation
3810;3807;post_relation
3812;2578;post_relation
3813;3804;post_relation
3815;3814;post_relation
3816;3808;post_relation
3817;3770;post_relation
3818;3811;post_relation
3819;3770;post_relation
3820;1007;post_relation
3823;3821;post_relation
3827;3826;post_relation
4826;3804;post_relation
4828;4827;post_relation
4829;713;post_relation
4830;3804;post_relation
4833;4831;post_relation
4835;4834;post_relation
4838;4836;post_relation
4839;3804;post_relation
4842;2612;post_relation
4843;3795;post_relation
4846;4844;post_relation
4847;4837;post_relation
4848;3797;post_relation
4850;2346;post_relation
4851;3781;post_relation
4853;4852;post_relation
4856;3771;post_relation
4860;4859;post_relation
4861;4845;post_relation
4862;3781;post_relation
4863;2436;post_relation
4865;3719;post_relation
4866;4864;post_relation
4867;4855;post_relation
4868;4845;post_relation
4870;4859;post_relation
4872;3771;post_relation
4874;4873;post_relation
4877;4875;post_relation
4878;4876;post_relation
4885;4836;post_relation
4886;853;post_relation
4887;4884;post_relation
4888;1253;post_relation
4889;4880;post_relation
4890;4883;post_relation
4891;441;post_relation
4892;4880;post_relation
4894;3763;post_relation
4895;1208;post_relation
4896;2558;post_relation
4897;1094;post_relation
4898;155;post_relation
4899;4881;post_relation
4900;2489;post_relation
4902;3730;post_relation
4904;4903;post_relation
4905;4881;post_relation
4912;4901;post_relation
4915;4914;post_relation
4916;4914;post_relation
4920;4914;post_relation
4922;4921;post_relation
4924;4921;post_relation
4926;4925;post_relation
4927;4925;post_relation
4928;4923;post_relation
4929;4925;post_relation
4930;4925;post_relation
4931;4925;post_relation
4934;4917;post_relation
4937;4935;post_relation
4938;4936;post_relation
4941;2682;post_relation
4945;4943;post_relation
4946;4942;post_relation
4947;4944;post_relation
4948;4944;post_relation
4952;4951;post_relation
4953;4944;post_relation
4954;4949;post_relation
4956;155;post_relation
4958;4875;post_relation
4959;4875;post_relation
4960;4957;post_relation
4961;4957;post_relation
4962;4957;post_relation
4964;4963;post_relation
4965;4875;post_relation
4966;4957;post_relation
4969;305;post_relation
4970;4957;post_relation
4972;4967;post_relation
4973;155;post_relation
4975;4974;post_relation
4976;4968;post_relation
4981;4978;post_relation
4982;4977;post_relation
4983;4951;post_relation
4984;41;post_relation
4987;4986;post_relation
4988;4876;post_relation
4989;41;post_relation
4990;4951;post_relation
4991;4980;post_relation
4993;4951;post_relation
4994;4879;post_relation
4996;4977;post_relation
4997;155;post_relation
4999;4879;post_relation
5002;4998;post_relation
5004;5000;post_relation
5005;4995;post_relation
5006;4995;post_relation
5008;5001;post_relation
5009;5007;post_relation
5010;5007;post_relation
5011;4985;post_relation
5015;5014;post_relation
5016;5013;post_relation
5017;4979;post_relation
5018;5007;post_relation
5019;5000;post_relation
5020;4955;post_relation
5022;5021;post_relation
5025;5024;post_relation
5026;5023;post_relation
5027;4977;post_relation
5028;3797;post_relation
5029;155;post_relation
5030;3699;post_relation
5031;3699;post_relation
5032;5023;post_relation
5034;5033;post_relation
5037;5001;post_relation
5039;5038;post_relation
5041;5040;post_relation
5042;5033;post_relation
5043;5040;post_relation
5044;5033;post_relation
5045;5033;post_relation
5046;2513;post_relation
5048;5047;post_relation
5049;155;post_relation
5051;5050;post_relation
5053;5050;post_relation
5054;5050;post_relation
5056;5055;post_relation
5058;5055;post_relation
5060;4992;post_relation
5062;5061;post_relation
5063;5061;post_relation
5065;5061;post_relation
5066;5050;post_relation
5067;5061;post_relation
5068;5061;post_relation
5070;5061;post_relation
5071;5038;post_relation
5077;5074;post_relation
5078;5047;post_relation
5081;5080;post_relation
5082;5079;post_relation
5084;5064;post_relation
5086;5085;post_relation
5087;5073;post_relation
5089;5088;post_relation
5094;5091;post_relation
5095;540;post_relation
5096;5092;post_relation
5098;5097;post_relation
5099;5055;post_relation
5101;5080;post_relation
5103;4977;post_relation
5104;4950;post_relation
5106;5093;post_relation
5107;5085;post_relation
5111;5109;post_relation
5112;5108;post_relation
5114;5113;post_relation
5117;5115;post_relation
5118;5115;post_relation
5124;5120;post_relation
5125;5122;post_relation
5128;5121;post_relation
5130;5129;post_relation
5131;61;post_relation
5132;2652;post_relation
5133;5047;post_relation
5134;5129;post_relation
5135;5119;post_relation
5136;5129;post_relation
5140;5138;post_relation
5141;61;post_relation
5146;5145;post_relation
5148;5147;post_relation
5149;5145;post_relation
5150;5147;post_relation
5151;5137;post_relation
5152;2504;post_relation
5153;5109;post_relation
5156;5155;post_relation
5158;2269;post_relation
5161;2269;post_relation
5162;2504;post_relation
5167;5165;post_relation
5169;2504;post_relation
5173;5171;post_relation
5179;5178;post_relation
5180;5164;post_relation
5181;5160;post_relation
5182;5178;post_relation
5184;5175;post_relation
5185;5171;post_relation
5188;5170;post_relation
5200;5193;post_relation
5201;5199;post_relation
5202;5193;post_relation
5203;5196;post_relation
5206;5205;post_relation
5207;5170;post_relation
5210;5198;post_relation
5211;5208;post_relation
5215;5205;post_relation
5216;5214;post_relation
5217;2269;post_relation
5220;5212;post_relation
5221;1151;post_relation
5222;1151;post_relation
5223;5166;post_relation
5225;5192;post_relation
5229;5226;post_relation
5230;1227;post_relation
5232;435;post_relation
5234;5192;post_relation
5235;5227;post_relation
5236;5228;post_relation
5237;5204;post_relation
5238;1151;post_relation
5239;5231;post_relation
5241;2353;post_relation
5242;5233;post_relation
5248;2575;post_relation
5251;5244;post_relation
5252;1165;post_relation
5253;5120;post_relation
5254;5196;post_relation
5256;5255;post_relation
5259;5249;post_relation
5263;851;post_relation
5265;5264;post_relation
5269;5264;post_relation
5270;4980;post_relation
5275;5255;post_relation
5276;5255;post_relation
5278;5277;post_relation
5281;5244;post_relation
5282;5279;post_relation
5285;2543;post_relation
5286;5243;post_relation
5288;5280;post_relation
5289;5287;post_relation
5290;5287;post_relation
5295;778;post_relation
5298;5294;post_relation
5299;5294;post_relation
5300;5255;post_relation
5306;5305;post_relation
5308;5304;post_relation
5310;5309;post_relation
5312;5305;post_relation
5314;5313;post_relation
5315;5304;post_relation
5319;5309;post_relation
5324;5323;post_relation
5325;5322;post_relation
5327;5320;post_relation
5333;5332;post_relation
5334;5330;post_relation
5337;5329;post_relation
5338;5336;post_relation
5342;2391;post_relation
5343;5301;post_relation
5347;5330;post_relation
5350;3763;post_relation
5351;5345;post_relation
5352;5345;post_relation
5353;5301;post_relation
5354;5326;post_relation
5355;5345;post_relation
5359;5326;post_relation
5360;5358;post_relation
5361;5357;post_relation
5362;5345;post_relation
5365;5357;post_relation
5366;5316;post_relation
5368;5357;post_relation
5369;5316;post_relation
5370;5357;post_relation
5376;5374;post_relation
5381;587;post_relation
5382;4949;post_relation
5384;5367;post_relation
5385;5357;post_relation
5387;5379;post_relation
5388;5316;post_relation
5389;694;post_relation
5391;5386;post_relation
5394;5380;post_relation
5395;5383;post_relation
5396;5079;post_relation
5397;641;post_relation
5399;5326;post_relation
5400;5383;post_relation
5402;5401;post_relation
5403;5383;post_relation
5407;5404;post_relation
5410;1059;post_relation
5411;2667;post_relation
5414;5413;post_relation
5418;5380;post_relation
5419;5379;post_relation
5429;5427;post_relation
5430;5417;post_relation
5431;661;post_relation
5432;2269;post_relation
5437;5436;post_relation
5440;5438;post_relation
5441;5438;post_relation
5444;5443;post_relation
5446;5442;post_relation
5447;5445;post_relation
5448;5443;post_relation
5449;5443;post_relation
5450;5443;post_relation
5452;5443;post_relation
5457;5438;post_relation
5460;5459;post_relation
5461;5442;post_relation
5466;778;post_relation
5469;5261;post_relation
5473;5464;post_relation
5474;5428;post_relation
5477;5471;post_relation
5480;5443;post_relation
5483;5178;post_relation
5488;5357;post_relation
5490;5489;post_relation
5491;5178;post_relation
5496;5492;post_relation
5505;5502;post_relation
5506;5504;post_relation
5507;5485;post_relation
5508;736;post_relation
5509;653;post_relation
5510;384;post_relation
5511;310;post_relation
5512;5493;post_relation
5513;5481;post_relation
5515;5514;post_relation
5517;5514;post_relation
5521;5519;post_relation
5525;5212;post_relation
5526;5524;post_relation
5527;5519;post_relation
5531;5529;post_relation
5533;5530;post_relation
5535;5529;post_relation
5536;5534;post_relation
5538;5537;post_relation
5539;5534;post_relation
5541;2523;post_relation
5542;2643;post_relation
5550;5549;post_relation
5552;5267;post_relation
5553;5443;post_relation
5554;5547;post_relation
5559;5548;post_relation
5560;5557;post_relation
5562;5558;post_relation
5563;5544;post_relation
5564;5561;post_relation
5571;5561;post_relation
5573;5572;post_relation
5576;5551;post_relation
5577;5566;post_relation
5578;5566;post_relation
5579;5566;post_relation
5586;5581;post_relation
5587;5443;post_relation
5588;5582;post_relation
5591;5590;post_relation
5592;5528;post_relation
5593;5528;post_relation
5595;5589;post_relation
5596;2454;post_relation
5603;5601;post_relation
5605;5602;post_relation
5607;5585;post_relation
5612;5602;post_relation
5614;5611;post_relation
5616;5606;post_relation
5620;5611;post_relation
5621;5618;post_relation
5622;5485;post_relation
5623;5602;post_relation
5626;2501;post_relation
5627;5624;post_relation
5628;5609;post_relation
5630;5609;post_relation
5631;5142;post_relation
5634;5632;post_relation
5636;5408;post_relation
5637;5615;post_relation
5638;5610;post_relation
5641;5589;post_relation
5642;155;post_relation
5645;5629;post_relation
5646;5643;post_relation
5647;5644;post_relation
5649;5618;post_relation
5651;5650;post_relation
5655;5648;post_relation
5657;5656;post_relation
5658;5653;post_relation
5659;5534;post_relation
5660;5652;post_relation
5661;5656;post_relation
5662;5656;post_relation
5664;5639;post_relation
5665;5534;post_relation
5668;5666;post_relation
5669;5663;post_relation
5670;2258;post_relation
5671;685;post_relation
5672;5663;post_relation
5674;5268;post_relation
5675;5639;post_relation
5676;5639;post_relation
5678;4883;post_relation
5680;5677;post_relation
5681;5373;post_relation
5682;5679;post_relation
5683;5677;post_relation
5685;5684;post_relation
5686;5654;post_relation
5688;5687;post_relation
5691;5690;post_relation
5696;5689;post_relation
5697;5695;post_relation
5698;5694;post_relation
5699;5695;post_relation
5700;5694;post_relation
5702;5701;post_relation
5704;5694;post_relation
5705;2258;post_relation
5709;5663;post_relation
5712;5710;post_relation
5713;5703;post_relation
5716;5703;post_relation
5720;5717;post_relation
5722;5574;post_relation
5724;2321;post_relation
5726;5574;post_relation
5729;5708;post_relation
5731;5725;post_relation
5733;5732;post_relation
5734;5706;post_relation
5736;5735;post_relation
5738;5718;post_relation
5742;307;post_relation
5743;1216;post_relation
5744;77;post_relation
5745;5737;post_relation
5749;5723;post_relation
5752;5147;post_relation
5753;5737;post_relation
5754;5746;post_relation
5755;5750;post_relation
5756;5303;post_relation
5757;5110;post_relation
5758;4974;post_relation
5759;596;post_relation
5760;3779;post_relation
5762;1213;post_relation
5763;5291;post_relation
5764;5737;post_relation
5765;5093;post_relation
5767;5766;post_relation
5769;326;post_relation
5770;5504;post_relation
5772;5771;post_relation
5773;5741;post_relation
5778;5776;post_relation
5780;5746;post_relation
5782;5777;post_relation
5784;5783;post_relation
5785;5775;post_relation
5788;5751;post_relation
5790;5789;post_relation
5792;5751;post_relation
5794;5793;post_relation
5795;2368;post_relation
5796;5791;post_relation
5798;5797;post_relation
5800;5761;post_relation
5805;5802;post_relation
5806;5803;post_relation
5807;744;post_relation
5811;5503;post_relation
5812;5808;post_relation
5813;1074;post_relation
5814;5809;post_relation
5815;5810;post_relation
5816;5318;post_relation
5818;5817;post_relation
5820;5318;post_relation
5824;5735;post_relation
5825;5821;post_relation
5827;5823;post_relation
5828;5826;post_relation
5832;5826;post_relation
5834;677;post_relation
5835;5819;post_relation
5836;5821;post_relation
5837;5789;post_relation
5841;5833;post_relation
5843;5789;post_relation
5845;5842;post_relation
5848;5846;post_relation
5849;5751;post_relation
5851;5267;post_relation
5852;5838;post_relation
5853;5817;post_relation
5854;5844;post_relation
5857;5838;post_relation
5858;5856;post_relation
5859;5856;post_relation
5861;5856;post_relation
5862;5789;post_relation
5864;5860;post_relation
5865;5863;post_relation
5868;5856;post_relation
5869;169;post_relation
5870;5679;post_relation
5872;5267;post_relation
5877;5875;post_relation
5878;5860;post_relation
5879;3751;post_relation
5880;5860;post_relation
5882;5863;post_relation
5883;5860;post_relation
5884;5881;post_relation
5886;5885;post_relation
5887;5885;post_relation
5888;5885;post_relation
5889;5650;post_relation
5892;5874;post_relation
5894;155;post_relation
5898;5897;post_relation
5901;5737;post_relation
5902;5893;post_relation
5903;5893;post_relation
5904;5663;post_relation
5907;5890;post_relation
5908;5875;post_relation
5909;5693;post_relation
5915;2667;post_relation
5917;5916;post_relation
5919;5916;post_relation
5920;5918;post_relation
5922;5921;post_relation
5923;5913;post_relation
5925;5924;post_relation
5926;5860;post_relation
5928;5927;post_relation
5929;5913;post_relation
5930;5910;post_relation
5934;5932;post_relation
5935;5881;post_relation
5937;5936;post_relation
5938;5933;post_relation
5939;5921;post_relation
5940;5933;post_relation
5942;5875;post_relation
5943;5867;post_relation
5947;5941;post_relation
5949;5921;post_relation
5950;5946;post_relation
5957;5946;post_relation
5959;5958;post_relation
5961;5960;post_relation
5962;5946;post_relation
5963;5933;post_relation
5965;5964;post_relation
5966;5946;post_relation
5967;661;post_relation
5971;5945;post_relation
5974;5968;post_relation
5976;5972;post_relation
5977;5972;post_relation
5978;5972;post_relation
5979;5969;post_relation
5980;5565;post_relation
5982;5972;post_relation
5984;5983;post_relation
5986;5941;post_relation
5988;5985;post_relation
5989;5970;post_relation
5993;5990;post_relation
5995;5992;post_relation
5997;5996;post_relation
5998;5209;post_relation
5999;2473;post_relation
6000;5992;post_relation
6001;5992;post_relation
6007;6006;post_relation
6008;6004;post_relation
6009;5981;post_relation
6014;5730;post_relation
6017;6011;post_relation
6023;6018;post_relation
6024;2651;post_relation
6025;6016;post_relation
6029;5996;post_relation
6033;6019;post_relation
6034;6019;post_relation
6038;6036;post_relation
6043;6040;post_relation
6045;6044;post_relation
6053;6051;post_relation
6055;6054;post_relation
6056;6052;post_relation
6057;6048;post_relation
6058;6048;post_relation
6059;6048;post_relation
6060;6050;post_relation
6061;6052;post_relation
6062;6042;post_relation
6063;6051;post_relation
6065;1034;post_relation
6067;6066;post_relation
6071;6068;post_relation
6073;6037;post_relation
6074;6050;post_relation
6079;744;post_relation
6081;5303;post_relation
6083;6082;post_relation
6087;6082;post_relation
6090;6089;post_relation
6093;1240;post_relation
6094;6092;post_relation
6095;6088;post_relation
6096;6068;post_relation
6102;6101;post_relation
6105;6099;post_relation
6109;6048;post_relation
6112;2432;post_relation
6114;6110;post_relation
6117;6113;post_relation
6118;6115;post_relation
6119;6110;post_relation
6124;6123;post_relation
6125;6116;post_relation
6126;6120;post_relation
6127;5799;post_relation
6129;2651;post_relation
6130;6099;post_relation
6131;6116;post_relation
6132;6116;post_relation
6134;6070;post_relation
6142;6137;post_relation
6143;6098;post_relation
6145;6141;post_relation
6147;6146;post_relation
6148;6146;post_relation
6149;6140;post_relation
6152;6080;post_relation
6154;6107;post_relation
6156;6140;post_relation
6157;6151;post_relation
6158;6137;post_relation
6159;6150;post_relation
6162;6151;post_relation
6166;6165;post_relation
6167;6137;post_relation
6168;5371;post_relation
6170;5345;post_relation
6173;6140;post_relation
6177;6172;post_relation
6178;6174;post_relation
6179;6175;post_relation
6187;5273;post_relation
6191;6188;post_relation
6193;6184;post_relation
6194;6190;post_relation
6195;6183;post_relation
6196;6183;post_relation
6197;6190;post_relation
6198;6181;post_relation
6203;6188;post_relation
6204;6200;post_relation
6207;6201;post_relation
6210;6209;post_relation
6211;6206;post_relation
6214;6169;post_relation
6218;6201;post_relation
6219;6213;post_relation
6220;3719;post_relation
6221;441;post_relation
6222;2651;post_relation
6223;6172;post_relation
6225;6205;post_relation
6228;6227;post_relation
6229;6226;post_relation
6230;6217;post_relation
6234;6232;post_relation
6237;6235;post_relation
6238;6233;post_relation
6239;6235;post_relation
6240;6232;post_relation
6245;6244;post_relation
6249;6200;post_relation
6251;6247;post_relation
6252;6190;post_relation
6258;6257;post_relation
6260;6242;post_relation
6261;6255;post_relation
6271;6270;post_relation
6272;6268;post_relation
6273;2576;post_relation
6275;6274;post_relation
6276;2576;post_relation
6277;6255;post_relation
6282;6259;post_relation
6283;6188;post_relation
6287;6280;post_relation
6288;6212;post_relation
6289;6259;post_relation
6291;6290;post_relation
6293;6267;post_relation
6298;6292;post_relation
6300;6295;post_relation
6303;6295;post_relation
6305;6301;post_relation
6306;6294;post_relation
6309;6264;post_relation
6310;6267;post_relation
6313;6186;post_relation
6315;6236;post_relation
6321;6318;post_relation
6323;6304;post_relation
6324;6318;post_relation
6326;6322;post_relation
6327;6318;post_relation
6329;6255;post_relation
6330;6322;post_relation
6333;6328;post_relation
6335;5990;post_relation
6336;6331;post_relation
6338;6328;post_relation
6343;6341;post_relation
6344;6341;post_relation
6346;6318;post_relation
6347;6331;post_relation
6348;6340;post_relation
6354;6350;post_relation
6356;6345;post_relation
6357;6350;post_relation
6358;6339;post_relation
6359;6325;post_relation
6360;5345;post_relation
6363;6361;post_relation
6364;6350;post_relation
6366;6139;post_relation
6368;6318;post_relation
6369;6349;post_relation
6372;6367;post_relation
6374;6365;post_relation
6376;6350;post_relation
6377;6342;post_relation
6381;1128;post_relation
6385;6384;post_relation
6386;253;post_relation
6388;6387;post_relation
6389;6387;post_relation
6390;6384;post_relation
6396;6031;post_relation
6399;694;post_relation
6400;6393;post_relation
6401;6189;post_relation
6403;5302;post_relation
6408;6405;post_relation
6409;6406;post_relation
6412;6349;post_relation
6413;6410;post_relation
6415;2257;post_relation
6416;6380;post_relation
6419;6394;post_relation
6421;6414;post_relation
6422;6380;post_relation
6424;6423;post_relation
6425;6406;post_relation
6428;6427;post_relation
6429;6417;post_relation
6430;6380;post_relation
6431;6208;post_relation
6432;6417;post_relation
6434;6076;post_relation
6437;6433;post_relation
6439;5303;post_relation
6444;6217;post_relation
6448;6208;post_relation
6450;6088;post_relation
6451;6189;post_relation
6452;6449;post_relation
6454;6208;post_relation
6455;5168;post_relation
6458;6438;post_relation
6461;6459;post_relation
6466;6464;post_relation
6468;6467;post_relation
6470;6464;post_relation
6471;6467;post_relation
6473;6472;post_relation
6481;6478;post_relation
6482;6472;post_relation
6484;6476;post_relation
6485;6459;post_relation
6487;6486;post_relation
6491;6490;post_relation
6493;6492;post_relation
6496;6494;post_relation
6497;6433;post_relation
6499;716;post_relation
6503;326;post_relation
6505;6500;post_relation
6512;6511;post_relation
6514;6507;post_relation
6517;6515;post_relation
6518;6511;post_relation
6521;6506;post_relation
6522;6519;post_relation
6523;784;post_relation
6524;6144;post_relation
6527;6510;post_relation
6529;6528;post_relation
6532;6531;post_relation
6534;6530;post_relation
6535;6530;post_relation
6536;6533;post_relation
6537;5987;post_relation
6543;661;post_relation
6545;6544;post_relation
6548;6316;post_relation
6549;6547;post_relation
6551;6547;post_relation
6552;6547;post_relation
6554;5371;post_relation
6556;977;post_relation
6557;6510;post_relation
6559;5257;post_relation
6562;6561;post_relation
6563;6510;post_relation
6564;6547;post_relation
6565;6561;post_relation
6566;6547;post_relation
6567;6533;post_relation
6569;2293;post_relation
6572;6570;post_relation
6573;919;post_relation
6574;6519;post_relation
6580;6577;post_relation
6581;253;post_relation
6582;6576;post_relation
6583;6578;post_relation
6584;6209;post_relation
6586;6576;post_relation
6593;6084;post_relation
6597;6578;post_relation
6598;6078;post_relation
6599;5257;post_relation
6600;6595;post_relation
6603;5233;post_relation
6605;6604;post_relation
6606;6604;post_relation
6607;6602;post_relation
6609;6595;post_relation
6615;6610;post_relation
6617;6616;post_relation
6619;5233;post_relation
6622;6620;post_relation
6627;6624;post_relation
6628;6608;post_relation
6638;6631;post_relation
6640;6635;post_relation
6641;6610;post_relation
6644;6639;post_relation
6646;6642;post_relation
6647;6643;post_relation
6650;6643;post_relation
6651;6648;post_relation
6653;6290;post_relation
6654;6558;post_relation
6655;6629;post_relation
6662;6656;post_relation
6663;6649;post_relation
6664;6295;post_relation
6666;6665;post_relation
6667;6665;post_relation
6670;6643;post_relation
6672;6634;post_relation
6673;6576;post_relation
6684;6683;post_relation
6685;6680;post_relation
6688;6675;post_relation
6689;6681;post_relation
6690;6660;post_relation
6696;6694;post_relation
6698;6086;post_relation
6699;6691;post_relation
6702;6701;post_relation
6703;6701;post_relation
6704;6679;post_relation
6705;6694;post_relation
6707;6700;post_relation
6710;6674;post_relation
6711;6709;post_relation
6714;6674;post_relation
6716;6715;post_relation
6717;6715;post_relation
6718;6715;post_relation
6720;6719;post_relation
6722;6715;post_relation
6724;6576;post_relation
6725;6721;post_relation
6729;6727;post_relation
6732;6726;post_relation
6739;6737;post_relation
6741;6726;post_relation
6743;6740;post_relation
6745;6727;post_relation
6746;6691;post_relation
6747;6727;post_relation
6752;5667;post_relation
6754;6750;post_relation
6755;6736;post_relation
6756;5001;post_relation
6757;6088;post_relation
6758;6751;post_relation
6759;6737;post_relation
6761;6576;post_relation
6764;6750;post_relation
6767;6765;post_relation
6769;904;post_relation
6770;6750;post_relation
6771;5178;post_relation
6777;6773;post_relation
6781;6773;post_relation
6782;6768;post_relation
6784;6555;post_relation
6788;6776;post_relation
6790;6787;post_relation
6795;6794;post_relation
6796;6792;post_relation
6799;5357;post_relation
6800;5357;post_relation
6801;6611;post_relation
6802;5303;post_relation
6803;6394;post_relation